<?xml version="1.0"?>
<migrations>
  <priorNameHint>
    <oldName>ImportFromCSV</oldName>
    <newName>DSOffice.Data.ImportCSV</newName>
    <additionalAttributes>
      <attribute>
        <name>assembly</name>
        <value>DSOffice.dll</value>
      </attribute>
    </additionalAttributes>
  </priorNameHint>
  <priorNameHint>
    <oldName>AllFalse</oldName>
    <newName>DSCore.List.AllFalse</newName>
  </priorNameHint>
  <priorNameHint>
    <oldName>AllTrue</oldName>
    <newName>DSCore.List.AllTrue</newName>
  </priorNameHint>
  <priorNameHint>
    <oldName>Contains</oldName>
    <newName>DSCore.List.Contains</newName>
  </priorNameHint>
  <priorNameHint>
    <oldName>IsHomogeneous</oldName>
    <newName>DSCore.List.IsHomogeneous</newName>
  </priorNameHint>
  <priorNameHint>
    <oldName>IsRectangular</oldName>
    <newName>DSCore.List.IsRectangular</newName>
  </priorNameHint>
  <priorNameHint>
    <oldName>IsUniformDepth</oldName>
    <newName>DSCore.List.IsUniformDepth</newName>
  </priorNameHint>
  <priorNameHint>
    <oldName>SetDifference</oldName>
    <newName>DSCore.List.SetDifference</newName>
  </priorNameHint>
  <priorNameHint>
    <oldName>SetIntersection</oldName>
    <newName>DSCore.List.SetIntersection</newName>
  </priorNameHint>
  <priorNameHint>
    <oldName>SetUnion</oldName>
    <newName>DSCore.List.SetUnion</newName>
  </priorNameHint>
  <priorNameHint>
    <oldName>IndexOf</oldName>
    <newName>DSCore.List.IndexOf</newName>
  </priorNameHint>
  <priorNameHint>
    <oldName>CountFalse</oldName>
    <newName>DSCore.List.CountFalse</newName>
  </priorNameHint>
  <priorNameHint>
    <oldName>CountTrue</oldName>
    <newName>DSCore.List.CountTrue</newName>
  </priorNameHint>
  <priorNameHint>
    <oldName>Count</oldName>
    <newName>DSCore.List.Count</newName>
  </priorNameHint>
  <priorNameHint>
    <oldName>Flatten</oldName>
    <newName>DSCore.List.Flatten</newName>
    <additionalAttributes>
      <attribute>
        <name>amt</name>
        <value>-1</value>
      </attribute>
    </additionalAttributes>
  </priorNameHint>
  <priorNameHint>
    <oldName>Insert</oldName>
    <newName>DSCore.List.Insert</newName>
  </priorNameHint>
  <priorNameHint>
    <oldName>Reorder</oldName>
    <newName>DSCore.List.Reorder</newName>
  </priorNameHint>
  <priorNameHint>
    <oldName>SortIndexByValue</oldName>
    <newName>DSCore.List.SortIndexByValue</newName>
  </priorNameHint>
  <priorNameHint>
    <oldName>NormalizeDepth</oldName>
    <newName>DSCore.List.NormalizeDepth</newName>
  </priorNameHint>
  <priorNameHint>
    <oldName>Map</oldName>
    <newName>DSCore.Math.Map</newName>
  </priorNameHint>
  <priorNameHint>
    <oldName>MapTo</oldName>
    <newName>DSCore.Math.MapTo</newName>
  </priorNameHint>
  <priorNameHint>
    <oldName>PI</oldName>
    <newName>DSCore.Math.PI</newName>
  </priorNameHint>
  <priorNameHint>
    <oldName>RemoveIfNot</oldName>
    <newName>List.RemoveIfNot</newName>
  </priorNameHint>
  <priorNameHint>
    <oldName>Rank</oldName>
    <newName>List.Rank</newName>
  </priorNameHint>
  <priorNameHint>
    <oldName>Equals</oldName>
    <newName>List.Equals</newName>
  </priorNameHint>
  <priorNameHint>
    <oldName>GroupByKey</oldName>
    <newName>GroupByFunction</newName>
  </priorNameHint>
  <priorNameHint>
    <oldName>GroupByFunction</oldName>
    <newName>List.GroupByFunction</newName>
  </priorNameHint>
  <priorNameHint>
    <oldName>SortByKey</oldName>
    <newName>SortByFunction</newName>
  </priorNameHint>
  <priorNameHint>
    <oldName>SortByFunction</oldName>
    <newName>List.SortByFunction</newName>
  </priorNameHint>
  <priorNameHint>
    <oldName>MaximumItemByKey</oldName>
    <newName>List.MaximumItemByKey</newName>
  </priorNameHint>
  <priorNameHint>
    <oldName>MinimumItemByKey</oldName>
    <newName>List.MinimumItemByKey</newName>
  </priorNameHint>
  <priorNameHint>
    <oldName>TrueForAll</oldName>
    <newName>List.TrueForAll</newName>
  </priorNameHint>
  <priorNameHint>
    <oldName>TrueForAny</oldName>
    <newName>List.TrueForAny</newName>
  </priorNameHint>
</migrations>