<?xml version="1.0"?>
<migrations>
  <priorNameHint>
    <oldName>DSCore.List.ContainsItem</oldName>
    <newName>DSCore.List.Contains</newName>
  </priorNameHint>
  <priorNameHint>
    <oldName>DSCore.File.ReadImage</oldName>
    <newName>DSCore.IO.FileSystem.ReadImage</newName>
  </priorNameHint>
  <priorNameHint>
    <oldName>DSCore.IO.File.ReadImage</oldName>
    <newName>DSCore.IO.FileSystem.ReadImage</newName>
  </priorNameHint>
  <priorNameHint>
    <oldName>DSCore.File.LoadImageFromPath</oldName>
    <newName>DSCore.IO.FileSystem.LoadImageFromPath</newName>
  </priorNameHint>
  <priorNameHint>
    <oldName>DSCore.File.ReadText</oldName>
    <newName>DSCore.IO.FileSystem.ReadText</newName>
  </priorNameHint>
  <priorNameHint>
    <oldName>DSCore.File.WriteImage</oldName>
    <newName>DSCore.IO.FileSystem.WriteImage</newName>
  </priorNameHint>
  <priorNameHint>
    <oldName>DSCore.IO.File.WriteImage</oldName>
    <newName>DSCore.IO.FileSystem.WriteImage</newName>
  </priorNameHint>
  <priorNameHint>
    <oldName>DSCore.File.WriteText</oldName>
    <newName>DSCore.IO.FileSystem.WriteText</newName>
  </priorNameHint>
  <priorNameHint>
    <oldName>DSCore.IO.CSV.ReadFromFile</oldName>
    <newName>DSOffice.Data.ImportCSV</newName>
    <additionalAttributes>
      <attribute>
        <name>assembly</name>
        <value>DSOffice.dll</value>
      </attribute>
    </additionalAttributes>
  </priorNameHint>
  <priorNameHint>
    <oldName>DSCore.File.ExportToCSV</oldName>
    <newName>DSOffice.Data.ExportCSV</newName>
    <additionalAttributes>
      <attribute>
        <name>assembly</name>
        <value>DSOffice.dll</value>
      </attribute>
    </additionalAttributes>
  </priorNameHint>
  <priorNameHint>
    <oldName>DSCore.IO.File.ExportToCSV</oldName>
    <newName>DSOffice.Data.ExportCSV</newName>
    <additionalAttributes>
      <attribute>
        <name>assembly</name>
        <value>DSOffice.dll</value>
      </attribute>
    </additionalAttributes>
  </priorNameHint>
  <priorNameHint>
    <oldName>DSCore.IO.CSV.WriteToFile</oldName>
    <newName>DSOffice.Data.ExportCSV</newName>
    <additionalAttributes>
      <attribute>
        <name>assembly</name>
        <value>DSOffice.dll</value>
      </attribute>
    </additionalAttributes>
  </priorNameHint>
  <priorNameHint>
    <oldName>DSCore.Display.ByGeometryColor</oldName>
    <newName>Modifiers.GeometryColor.ByGeometryColor</newName>
    <additionalAttributes>
      <attribute>
        <name>assembly</name>
        <value>GeometryColor.dll</value>
      </attribute>
    </additionalAttributes>
  </priorNameHint>
  <priorNameHint>
    <oldName>DSCore.ColorRange2D.ByColorsAndParameters</oldName>
    <newName>DSCore.ColorRange.ByColorsAndParameters</newName>
  </priorNameHint>
  <priorNameHint>
    <oldName>DSCore.ColorRange2D.GetColorAtParameter</oldName>
    <newName>DSCore.ColorRange.GetColorAtParameter</newName>
  </priorNameHint>
  <priorNameHint>
    <oldName>Display.Display.ByGeometryColor</oldName>
    <newName>Modifiers.GeometryColor.ByGeometryColor</newName>
    <additionalAttributes>
      <attribute>
        <name>assembly</name>
        <value>GeometryColor.dll</value>
      </attribute>
    </additionalAttributes>
  </priorNameHint>
  <priorNameHint>
    <oldName>Display.Display.BySurfaceColors</oldName>
    <newName>Modifiers.GeometryColor.BySurfaceColors</newName>
    <additionalAttributes>
      <attribute>
        <name>assembly</name>
        <value>GeometryColor.dll</value>
      </attribute>
    </additionalAttributes>
  </priorNameHint>
  <priorNameHint>
    <oldName>DSCore.Formula.Evaluate</oldName>
    <newName>DSCore.Math.EvaluateFormula</newName>
  </priorNameHint>
  <priorNameHint>
    <oldName>DSCore.Logic.Xor</oldName>
    <newName>DSCore.Math.Xor</newName>
  </priorNameHint>
  <priorNameHint>
    <oldName>DSCore.Logic.And</oldName>
    <newName>DSCore.Math.And</newName>
  </priorNameHint>
  <priorNameHint>
    <oldName>DSCore.Logic.Or</oldName>
    <newName>DSCore.Math.Or</newName>
  </priorNameHint>
  <priorNameHint>
    <oldName>File.File.FromPath</oldName>
    <newName>File.File From Path</newName>
  </priorNameHint>
  <priorNameHint>
    <oldName>File.DirectoryFromPath</oldName>
    <newName>File.Directory From Path</newName>
  </priorNameHint>
  <priorNameHint>
    <oldName>DSCore.IO.FilePath.Combine</oldName>
    <newName>DSCore.IO.FileSystem.CombinePath</newName>
  </priorNameHint>
  <priorNameHint>
    <oldName>DSCore.IO.FilePath.Extension</oldName>
    <newName>DSCore.IO.FileSystem.FileExtension</newName>
  </priorNameHint>
  <priorNameHint>
    <oldName>DSCore.IO.FilePath.ChangeExtension</oldName>
    <newName>DSCore.IO.FileSystem.ChangePathExtension</newName>
  </priorNameHint>
  <priorNameHint>
    <oldName>DSCore.IO.FilePath.DirectoryName</oldName>
    <newName>DSCore.IO.FileSystem.DirectoryName</newName>
  </priorNameHint>
  <priorNameHint>
    <oldName>DSCore.IO.FilePath.FileName</oldName>
    <newName>DSCore.IO.FileSystem.FileName</newName>
  </priorNameHint>
  <priorNameHint>
    <oldName>DSCore.IO.FilePath.HasExtension</oldName>
    <newName>DSCore.IO.FileSystem.FileHasExtension</newName>
  </priorNameHint>
  <priorNameHint>
    <oldName>DSCore.IO.File.ReadText</oldName>
    <newName>DSCore.IO.FileSystem.ReadText</newName>
  </priorNameHint>
  <priorNameHint>
    <oldName>DSCore.IO.File.Move</oldName>
    <newName>DSCore.IO.FileSystem.MoveFile</newName>
  </priorNameHint>
  <priorNameHint>
    <oldName>DSCore.IO.File.Delete</oldName>
    <newName>DSCore.IO.FileSystem.DeleteFile</newName>
  </priorNameHint>
  <priorNameHint>
    <oldName>DSCore.IO.File.Copy</oldName>
    <newName>DSCore.IO.FileSystem.CopyFile</newName>
  </priorNameHint>
  <priorNameHint>
    <oldName>DSCore.IO.File.Exists</oldName>
    <newName>DSCore.IO.FileSystem.FileExists</newName>
  </priorNameHint>
  <priorNameHint>
    <oldName>DSCore.IO.File.WriteText</oldName>
    <newName>DSCore.IO.FileSystem.WriteText</newName>
  </priorNameHint>
  <priorNameHint>
    <oldName>DSCore.IO.File.AppendText</oldName>
    <newName>DSCore.IO.FileSystem.AppendText</newName>
  </priorNameHint>
  <priorNameHint>
    <oldName>DSCore.IO.Directory.Move</oldName>
    <newName>DSCore.IO.FileSystem.MoveDirectory</newName>
  </priorNameHint>
  <priorNameHint>
    <oldName>DSCore.IO.Directory.Copy</oldName>
    <newName>DSCore.IO.FileSystem.CopyDirectory</newName>
  </priorNameHint>
  <priorNameHint>
    <oldName>DSCore.IO.Directory.Delete</oldName>
    <newName>DSCore.IO.FileSystem.DeleteDirectory</newName>
  </priorNameHint>
  <priorNameHint>
    <oldName>DSCore.IO.Directory.Contents</oldName>
    <newName>DSCore.IO.FileSystem.GetDirectoryContents</newName>
  </priorNameHint>
  <priorNameHint>
    <oldName>DSCore.IO.Directory.Exists</oldName>
    <newName>DSCore.IO.FileSystem.DirectoryExists</newName>
  </priorNameHint>
</migrations>
