<?xml version="1.0"?>
<doc>
    <assembly>
        <name>DynamoPlayer.Server</name>
    </assembly>
    <members>
        <member name="T:DynamoPlayer.FromBodyAttribute">
            <summary>
            Specifies that a parameter or property should be bound using the request body. See Microsoft.AspNetCore.Mvc.FromBodyAttribute.
            </summary>
        </member>
        <member name="T:DynamoPlayer.HttpDeleteAttribute">
            <summary>
            Identifies an action that supports the HTTP DELETE method.
            </summary>
        </member>
        <member name="M:DynamoPlayer.HttpDeleteAttribute.#ctor">
            <summary>
            Initializes a new instance of the <see cref="T:DynamoPlayer.HttpDeleteAttribute"/> class.
            </summary>
        </member>
        <member name="T:DynamoPlayer.HttpGetAttribute">
            <summary>
            Identifies an action that only supports the HTTP GET method.
            </summary>
        </member>
        <member name="M:DynamoPlayer.HttpGetAttribute.#ctor">
            <summary>
            Initializes a new instance of the <see cref="T:DynamoPlayer.HttpGetAttribute"/> class. Creates a new
            <see cref="T:DynamoPlayer.HttpGetAttribute"/>.
            </summary>
        </member>
        <member name="T:DynamoPlayer.HttpMethodAttribute">
            <summary>
            Identifies an action that only supports a given HTTP method.
            </summary>
        </member>
        <member name="M:DynamoPlayer.HttpMethodAttribute.#ctor(System.String)">
            <summary>
            Initializes a new instance of the <see cref="T:DynamoPlayer.HttpMethodAttribute"/> class. Creates a new
            <see cref="T:DynamoPlayer.HttpMethodAttribute"/> with the given HTTP method. <param
            name="httpMethod">The supported HTTP method.</param>
            </summary>
        </member>
        <member name="T:DynamoPlayer.HttpPatchAttribute">
            <summary>
            Identifies an action that only supports the HTTP GET method.
            </summary>
        </member>
        <member name="M:DynamoPlayer.HttpPatchAttribute.#ctor">
            <summary>
            Initializes a new instance of the <see cref="T:DynamoPlayer.HttpPatchAttribute"/> class. Creates a new
            <see cref="T:DynamoPlayer.HttpGetAttribute"/>.
            </summary>
        </member>
        <member name="T:DynamoPlayer.HttpPostAttribute">
            <summary>
            Identifies an action that only supports the HTTP GET method.
            </summary>
        </member>
        <member name="M:DynamoPlayer.HttpPostAttribute.#ctor">
            <summary>
            Initializes a new instance of the <see cref="T:DynamoPlayer.HttpPostAttribute"/> class. Creates a new
            <see cref="T:DynamoPlayer.HttpGetAttribute"/>.
            </summary>
        </member>
        <member name="T:DynamoPlayer.HttpPutAttribute">
            <summary>
            Identifies an action that supports the HTTP PUT method.
            </summary>
        </member>
        <member name="M:DynamoPlayer.HttpPutAttribute.#ctor">
            <summary>
            Initializes a new instance of the <see cref="T:DynamoPlayer.HttpPutAttribute"/> class.
            </summary>
        </member>
        <member name="T:DynamoPlayer.RouteAttribute">
            <summary>
            Specifies an attribute route on a controller.
            </summary>
        </member>
        <member name="M:DynamoPlayer.RouteAttribute.#ctor(System.String)">
            <summary>
            Initializes a new instance of the <see cref="T:DynamoPlayer.RouteAttribute"/> class. Creates a new <see
            cref="T:DynamoPlayer.RouteAttribute"/> with the given route template.
            </summary>
            <param name="template">The route template. May not be null.</param>
        </member>
        <member name="M:DynamoPlayer.Handler.AddUniqueRoutes(System.Collections.Generic.IEnumerable{System.Reflection.MethodInfo},DynamoPlayer.ControllerBase,System.String)">
            <summary>
            Adds routes (see Route class) to the internal list of routes (see _routes).
            Duplicate Route instances are discarded
            </summary>
            <param name="methods">The methods to invoke</param>
            <param name="controller">The controller that declares the routes/methods</param>
            <param name="pathBase">The base path to the routes</param>
        </member>
        <member name="M:DynamoPlayer.Handler.HandleRoute(System.String,System.String,System.String)">
            <summary>
            Invokes the handler correponding to the input arguments.
            </summary>
            <param name="method">The http method (ex GET).</param>
            <param name="url">The request URL.</param>
            <param name="body">The body of the request.</param>
            <returns>The response body.</returns>
        </member>
        <member name="M:DynamoPlayer.DynamoController.GetGraphInfo(DynamoPlayer.GraphInfoRequest)">
            <summary>
            Get graph information
            </summary>
            <remarks>
            Get details about a graph.
            </remarks>
            <returns>OK</returns>
        </member>
        <member name="M:DynamoPlayer.DynamoController.PostGraphRun(DynamoPlayer.RunGraph)">
            <summary>
            Run a graph
            </summary>
            <remarks>
            Run a graph.
            </remarks>
            <returns>OK</returns>
        </member>
        <member name="M:DynamoPlayer.DynamoController.GetHealth">
            <summary>
            Health check
            </summary>
            <remarks>
            Checks whether the service is working correctly.
            </remarks>
            <returns>OK</returns>
        </member>
        <member name="M:DynamoPlayer.DynamoController.GetServerInfo">
            <summary>
            Server information
            </summary>
            <remarks>
            Get information about the server.
            </remarks>
            <returns>OK</returns>
        </member>
        <member name="M:DynamoPlayer.DynamoController.PostGraphOpen(DynamoPlayer.GraphTarget)">
            <summary>
            Open graph
            </summary>
            <remarks>
            Open a graph in Dynamo.
            </remarks>
            <param name="body">Graph to open.</param>
            <returns>Graph Opened</returns>
        </member>
        <member name="M:DynamoPlayer.DynamoController.PostNodeIdRun(DynamoPlayer.GraphTarget,System.Guid)">
            <summary>
            Run a single node
            </summary>
            <remarks>
            Run a single node from a graph.
            </remarks>
            <returns>OK</returns>
        </member>
        <member name="M:DynamoPlayer.DynamoController.PostRegisterClient(DynamoPlayer.Body)">
            <summary>
            Register client
            </summary>
            <remarks>
            Register a Dynamo Player client with Dynamo Player.
            </remarks>
            <returns>OK</returns>
        </member>
        <member name="M:DynamoPlayer.DynamoController.PostTrustAdd(DynamoPlayer.FolderPath)">
            <summary>
            Add trusted folder
            </summary>
            <remarks>
            Add a trusted folder to Dynamo.
            </remarks>
            <returns>OK</returns>
        </member>
        <member name="M:DynamoPlayer.DynamoController.PostTrustCheck(DynamoPlayer.FolderPath)">
            <summary>
            Check folder trust
            </summary>
            <remarks>
            Check whether a folder is trusted by Dynamo.
            </remarks>
            <returns>OK</returns>
        </member>
        <member name="M:DynamoPlayer.DynamoController.PostClean">
            <summary>
            Clean
            </summary>
            <remarks>
            Clean up the Dynamo interface.
            </remarks>
            <returns>OK</returns>
        </member>
        <member name="M:DynamoPlayer.DynamoController.GetFoldersList(System.String)">
            <summary>
            Player graph folders
            </summary>
            <remarks>
            Get a player client's registered list of folders where graphs are located.
            </remarks>
            <param name="playerId">An identifier for a Dynamo client (Dynamo Player, Generative Design, ??).</param>
            <returns>OK</returns>
        </member>
        <member name="M:DynamoPlayer.DynamoController.PostFolder(DynamoPlayer.GraphFolder,System.String)">
            <summary>
            Add new graph folder
            </summary>
            <remarks>
            Add a new graph folder to a player client's registered list of folders where graphs are located.
            </remarks>
            <param name="playerId">An identifier for a Dynamo client (Dynamo Player, Generative Design, ??).</param>
            <returns>OK</returns>
        </member>
        <member name="M:DynamoPlayer.DynamoController.PutFolderId(DynamoPlayer.GraphFolder,System.String,System.String)">
            <summary>
            Update a graph folder
            </summary>
            <remarks>
            Update the data for a player client's graph folder.
            </remarks>
            <param name="playerId">An identifier for a Dynamo client (Dynamo Player, Generative Design, ??).</param>
            <param name="folderId">The ID of the folder in the list.</param>
            <returns>OK</returns>
        </member>
        <member name="M:DynamoPlayer.DynamoController.DeleteFolderId(System.String,System.String)">
            <summary>
            Delete a graph folder
            </summary>
            <remarks>
            Delete a graph folder from a player client's registered list of folders where graphs are located.
            </remarks>
            <param name="playerId">An identifier for a Dynamo client (Dynamo Player, Generative Design, ??).</param>
            <param name="folderId">The ID of the folder in the list.</param>
            <returns>OK</returns>
        </member>
        <member name="M:DynamoPlayer.DynamoController.GetFolderInfo(DynamoPlayer.GraphFolderInfoRequest)">
            <summary>
            Get graph folder information
            </summary>
            <remarks>
            Get information about a folder of graph files.
            </remarks>
            <returns>OK</returns>
        </member>
        <member name="M:DynamoPlayer.DynamoController.PostSubscribe(DynamoPlayer.WebhookSubscription)">
            <summary>
            Subscribe to events
            </summary>
            <remarks>
            Subscribe to updates from the server or host app. Currently only one event type, when the document open in the host app changes.
            </remarks>
            <returns>Webhook created</returns>
        </member>
        <member name="M:DynamoPlayer.DynamoController.PostTrackEvent(DynamoPlayer.AnalyticsEvent)">
            <summary>
            Track an analytics event
            </summary>
            <remarks>
            Track an event in ADP analytics.
            </remarks>
            <returns>OK</returns>
        </member>
        <member name="T:DynamoPlayer.PlayerServer">
            <summary>
            Starts an HttpListener server to provide access to Dynamo Player.
            </summary>
        </member>
        <member name="F:DynamoPlayer.PlayerServer._client">
            <summary>
            A client used to send webhooks to subscribers.
            </summary>
        </member>
        <member name="M:DynamoPlayer.PlayerServer.#ctor(DynamoPlayer.IPlayerHost,DynamoPlayer.IDynamoPlayerLogger,DynamoPlayer.DynamoController)">
            <summary>
            Initializes a new instance of the <see cref="T:DynamoPlayer.PlayerServer"/> class.
            Only the first occurrence of a route handler (as defined with the help of a RouteAttribute) will be used.
            </summary>
        </member>
        <member name="M:DynamoPlayer.PlayerServer.#ctor(DynamoPlayer.IPlayerHost,DynamoPlayer.IDynamoPlayerLogger,DynamoPlayer.ControllerBase[])">
            <summary>
            Initializes a new instance of the <see cref="T:DynamoPlayer.PlayerServer"/> class. 
            Only the first occurrence of a route handler (as defined with the help of a RouteAttribute) will be used.
            </summary>
            <param name="playerHost">The player host.</param>
            <param name="logger">The logger.</param>
            <param name="controllers">A list of controllers that define the available API.</param>
        </member>
        <member name="P:DynamoPlayer.PlayerServer.DesiredPort">
            <summary>
            Gets or sets the port the server should listen on. If this port is already in use Dynamo
            Player will try to find another adjacent open port to use.
            </summary>
        </member>
        <member name="P:DynamoPlayer.PlayerServer.Subscriber">
            <summary>
            Gets or sets the client registered as a subscriber to server events (webhooks).
            </summary>
        </member>
        <member name="M:DynamoPlayer.PlayerServer.SetSubscriber(System.Object,DynamoPlayer.WebhookSubscription)">
            <summary>
            Set the client subscribed to server events (webhook).
            </summary>
        </member>
        <member name="M:DynamoPlayer.PlayerServer.SendToSubscribers(System.Object,DynamoPlayer.CallbackEvent)">
            <summary>
            Send a post request to all subscribers with the given event.
            </summary>
        </member>
    </members>
</doc>
