<?xml version="1.0"?>
<doc>
    <assembly>
        <name>DynamoPlayer.Workflows</name>
    </assembly>
    <members>
        <member name="T:DynamoPlayer.ApiToDynamo">
            <summary>
            Some of the types we are adding for the Dynamo Player API already exist in Dynamo. These
            will be marked deprecated and will eventually use the API types instead. In the meantime,
            these extensions convert between the duplicated types.
            </summary>
        </member>
        <member name="M:DynamoPlayer.DynamoControllerImplementation.TransformPath(System.String)">
            <summary>
            Convert submitted paths for saving to settings. User-Document locations can change, so
            do not hard-code the exact path. Instead, save it in a special format which can be
            parsed for in getAllSettings().
            </summary>
        </member>
        <member name="M:DynamoPlayer.DynamoControllerImplementation.UnTransformPath(System.String)">
            <summary>
            Undo conversion of saved path.
            </summary>
        </member>
        <member name="M:DynamoPlayer.DynamoControllerImplementation.FindFolderGroup(System.String)">
            <summary>
            Find the first folder group that matches player id.
            </summary>
        </member>
        <member name="M:DynamoPlayer.DynamoControllerImplementation.GetGraphInfoFromCurrentWorkspace(DynamoPlayer.GraphInfoOptions,System.Boolean)">
            <summary>
            Gather data about the current workspace.
            </summary>
        </member>
        <member name="M:DynamoPlayer.DynamoControllerImplementation.GetGraphMetadata(Dynamo.Graph.Workspaces.HomeWorkspaceModel)">
            <summary>
            Gather metadata for the specified WorkspaceModel.
            </summary>
        </member>
        <member name="M:DynamoPlayer.DynamoControllerImplementation.GetGraphInfoFromRequestBody(DynamoPlayer.GraphInfoRequest)">
            <summary>
            Gather data about a workspace by opening the file specified in request body.
            </summary>
        </member>
        <member name="M:DynamoPlayer.DynamoControllerImplementation.GraphInfoFromFolderInfoRequestBody(DynamoPlayer.GraphFolderInfoRequest)">
            <summary>
            Gather data about workspaces specified in the folder request body.
            </summary>
        </member>
        <member name="M:DynamoPlayer.DynamoControllerImplementation.GraphInfoFromWorkspace(DynamoPlayer.GraphInfoOptions,System.Boolean,Dynamo.Graph.Workspaces.HomeWorkspaceModel)">
            <summary>
            Gather data about the specified WorkspaceModel.
            </summary>
        </member>
        <member name="M:DynamoPlayer.DynamoModelWorkflows.LoadDependencies(DynamoPlayer.GraphTarget)">
            <summary>
            Load Dynamo dependencies for the given graph target. Currently looks for dependencies in
            the <see cref="P:DynamoPlayer.GraphTarget.DependenciesPath"/> folder on the local machine. Note that
            any graph target can name a local dependencies folder even if the graph does not exist
            locally (e.g. JsonGraphTarget).
            </summary>
        </member>
        <member name="T:DynamoPlayer.LogLevel">
            <summary>
            Copied from Microsoft.Extensions.Logging.LogLevel.
            </summary>
        </member>
        <member name="F:DynamoPlayer.LogLevel.Trace">
            <summary>
            Logs that contain the most detailed messages. These messages may contain sensitive
            application data. These messages are disabled by default and should never be enabled in
            a production environment.
            </summary>
        </member>
        <member name="F:DynamoPlayer.LogLevel.Debug">
            <summary>
            Logs that are used for interactive investigation during development. These logs should
            primarily contain information useful for debugging and have no long-term value.
            </summary>
        </member>
        <member name="F:DynamoPlayer.LogLevel.Information">
            <summary>
            Logs that track the general flow of the application. These logs should have long-term value.
            </summary>
        </member>
        <member name="F:DynamoPlayer.LogLevel.Warning">
            <summary>
            Logs that highlight an abnormal or unexpected event in the application flow, but do not
            otherwise cause the application execution to stop.
            </summary>
        </member>
        <member name="F:DynamoPlayer.LogLevel.Error">
            <summary>
            Logs that highlight when the current flow of execution is stopped due to a failure.
            These should indicate a failure in the current activity, not an application-wide failure.
            </summary>
        </member>
        <member name="F:DynamoPlayer.LogLevel.Critical">
            <summary>
            Logs that describe an unrecoverable application or system crash, or a catastrophic
            failure that requires immediate attention.
            </summary>
        </member>
        <member name="F:DynamoPlayer.LogLevel.None">
            <summary>
            Not used for writing log messages. Specifies that a logging category should not write
            any messages.
            </summary>
        </member>
        <member name="T:DynamoPlayer.DynamoPlayerLogger">
            <summary>
            In a world without ASP's logging system, we bundle all the logging targets into one class.
            See DynamoPlayer.Asp.DynamoPlayerLogger for the alternative, which just adds the Dynamo
            logger to ASP logging.
            </summary>
        </member>
        <member name="T:DynamoPlayer.DynamoPlayerLogger`1">
            <summary>
            <inheritdoc/>
            </summary>
            <typeparam name="TCategoryName">
            The logger category, typically the class where this logger is used.
            </typeparam>
        </member>
        <member name="T:DynamoPlayer.DynamoWorkspaceJson">
            <summary>
            Simple POCO Class to deserialize data we need for FolderInfo.
            </summary>
        </member>
        <member name="T:DynamoPlayer.SelectionBaseNodeHandler">
            <summary>
            A proxy class for SelectionBase&lt;,&gt;. Use <see cref="M:DynamoPlayer.SelectionBaseNodeHandler.TryCast(Dynamo.Graph.Nodes.NodeModel,DynamoPlayer.SelectionBaseNodeHandler@)"/> to construct an instance.
            </summary>
        </member>
        <member name="M:DynamoPlayer.SelectionBaseNodeHandler.#ctor(Dynamo.Graph.Nodes.NodeModel)">
            <summary>
            Initializes a new instance of the <see cref="T:DynamoPlayer.SelectionBaseNodeHandler"/> class. This
            object should be constructed only through <see cref="M:DynamoPlayer.SelectionBaseNodeHandler.TryCast(Dynamo.Graph.Nodes.NodeModel,DynamoPlayer.SelectionBaseNodeHandler@)"/> so we can be sure that the node is of type SelectionBase&lt;,&gt;.
            </summary>
        </member>
        <member name="M:DynamoPlayer.SelectionBaseNodeHandler.IsSubclassOf(System.Type,System.Type)">
            <summary>
            <see cref="M:System.Type.IsSubclassOf(System.Type)"/> does not work for generic types, so we need to
            traverse the type hierarchy manually.
            </summary>
        </member>
        <member name="M:DynamoPlayer.WatchNodeHandler.GetNodeValueObject(Dynamo.Graph.Nodes.NodeModel,System.Boolean)">
            <summary>
            Get a simplified object representation of the node's value.
            </summary>
            <param name="node">The node.</param>
            <param name="returnObject">If true, return an object. If false, serialize the object to a string.</param>
        </member>
        <member name="T:DynamoPlayer.PlayerHostDynamo">
            <summary>
            Subclass PlayerHostDynamo in host products in order to provide the proper execution context.
            </summary>
        </member>
        <member name="P:DynamoPlayer.PlayerHostDynamo.CurrentWorkspace">
            <summary>
            Gets the current workspace, and throw if it's not there.
            </summary>
        </member>
        <member name="M:DynamoPlayer.PlayerHostDynamo.SendDocumentName(System.String)">
            <summary>
            Send a new host document name to all subscribers.
            </summary>
        </member>
        <member name="T:DynamoPlayer.PlayerHostDynamoDefault">
            <summary>
            Provides execution context for Dynamo Sandbox and CLI modes.
            </summary>
        </member>
        <member name="T:DynamoPlayer.Workflows.EnumerableByteStream">
            <summary>
            A stream fed by an IEnumerable&lt;byte&gt;.
            </summary>
        </member>
        <member name="T:DynamoPlayer.GLTF">
            <summary>
            Convert a RenderPackage to a glTF mesh.
            </summary>
        </member>
        <member name="M:DynamoPlayer.GLTF.RenderPackageToGLTF(DynamoPlayer.GLTFRenderPackage)">
            <summary>
            Extract a glTF mesh from a RenderPackage.
            </summary>
        </member>
        <member name="T:DynamoPlayer.RenderPackageRunner">
             <summary>
             Enables calling the `UpdateRenderPackageAsyncTask` synchronously. Only use this when we're
             already in a Revit idle callback.
            
             Todo: This mostly duplicates functionality in Dynamo.Graph.Nodes.NodeModel.RequestVisualUpdateAsync.
             Issues with using DynamoCore methods:
             - The current implementation of RequestVisualUpdateAsync automatically triggers the returned RenderPackage
             to be rendered in any active HelixView(via the node's RenderPackageUpdate event). In the
             future we may want the RenderPackage for the node and optionally triggering the HelixView update.
             - RequestVisualUpdateAsync runs the UpdateRenderPackageAsyncTask on the scheduler if in
             async mode. When we need this update, the scheduler is not running (we're already in a Revit
             idle callback).
             </summary>
        </member>
        <member name="M:DynamoPlayer.RenderPackageRunner.#ctor(Dynamo.Models.DynamoModel,Dynamo.Visualization.IRenderPackageFactory)">
            <summary>
            Initializes a new instance of the <see cref="T:DynamoPlayer.RenderPackageRunner"/> class.
            </summary>
        </member>
        <member name="M:DynamoPlayer.RenderPackageRunner.RequestVisualUpdate(Dynamo.Graph.Nodes.NodeModel,System.Boolean)">
            <summary>
            Call this method to synchronously generate render packages for a node. This method
            accesses core properties of a NodeModel and therefore is typically called on the main/UI thread.
            </summary>
        </member>
        <member name="M:DynamoPlayer.RenderPackageRunner.GetDrawableIdMap(Dynamo.Graph.Nodes.NodeModel)">
            <summary>
            Returns a map of output port GUIDs and drawable Ids as registered with visualization
            manager for all the output ports of the given node.
            </summary>
            <returns>List of Drawable Ids.</returns>
        </member>
    </members>
</doc>
