<?xml version="1.0"?>
<doc>
    <assembly>
        <name>DynamoPlayer.Models</name>
    </assembly>
    <members>
        <member name="P:DynamoPlayer.ValueSchema.TypeId">
            <summary>
            Type of node's value. See `ForgeDataSchemaType` for standard types. Specialized and user defined types are allowed. See https://wiki.autodesk.com/display/PDARCH/Forge+Data+Schema+Specification+-+V1#ForgeDataSchemaSpecificationV1-TypeIdentifiers.
            </summary>
        </member>
        <member name="P:DynamoPlayer.ValueSchema.Context">
            <summary>
            The multiplicity of the value.
            </summary>
        </member>
        <member name="P:DynamoPlayer.ValueSchema.Format">
            <summary>
            Value format. Similar to JSON Schema's string format keyword (https://json-schema.org/understanding-json-schema/reference/string.html#format). See `ValueSchemaFormat` for known values.
            </summary>
        </member>
        <member name="M:DynamoPlayer.IDynamoController.GetGraphInfoAsync(DynamoPlayer.GraphInfoRequest)">
            <summary>
            Get graph information
            </summary>
            <remarks>
            Get details about a graph.
            </remarks>
            <returns>OK</returns>
        </member>
        <member name="M:DynamoPlayer.IDynamoController.PostGraphRunAsync(DynamoPlayer.RunGraph)">
            <summary>
            Run a graph
            </summary>
            <remarks>
            Run a graph.
            </remarks>
            <returns>OK</returns>
        </member>
        <member name="M:DynamoPlayer.IDynamoController.GetHealthAsync">
            <summary>
            Health check
            </summary>
            <remarks>
            Checks whether the service is working correctly.
            </remarks>
            <returns>OK</returns>
        </member>
        <member name="M:DynamoPlayer.IDynamoController.GetServerInfoAsync">
            <summary>
            Server information
            </summary>
            <remarks>
            Get information about the server.
            </remarks>
            <returns>OK</returns>
        </member>
        <member name="M:DynamoPlayer.IDynamoController.PostGraphOpenAsync(DynamoPlayer.GraphTarget)">
            <summary>
            Open graph
            </summary>
            <remarks>
            Open a graph in Dynamo.
            </remarks>
            <param name="body">Graph to open.</param>
            <returns>Graph Opened</returns>
        </member>
        <member name="M:DynamoPlayer.IDynamoController.PostNodeIdRunAsync(DynamoPlayer.GraphTarget,System.Guid)">
            <summary>
            Run a single node
            </summary>
            <remarks>
            Run a single node from a graph.
            </remarks>
            <returns>OK</returns>
        </member>
        <member name="M:DynamoPlayer.IDynamoController.PostRegisterClientAsync(DynamoPlayer.Body)">
            <summary>
            Register client
            </summary>
            <remarks>
            Register a Dynamo Player client with Dynamo Player.
            </remarks>
            <returns>OK</returns>
        </member>
        <member name="M:DynamoPlayer.IDynamoController.PostTrustAddAsync(DynamoPlayer.FolderPath)">
            <summary>
            Add trusted folder
            </summary>
            <remarks>
            Add a trusted folder to Dynamo.
            </remarks>
            <returns>OK</returns>
        </member>
        <member name="M:DynamoPlayer.IDynamoController.PostTrustCheckAsync(DynamoPlayer.FolderPath)">
            <summary>
            Check folder trust
            </summary>
            <remarks>
            Check whether a folder is trusted by Dynamo.
            </remarks>
            <returns>OK</returns>
        </member>
        <member name="M:DynamoPlayer.IDynamoController.PostCleanAsync">
            <summary>
            Clean
            </summary>
            <remarks>
            Clean up the Dynamo interface.
            </remarks>
            <returns>OK</returns>
        </member>
        <member name="M:DynamoPlayer.IDynamoController.GetFoldersListAsync(System.String)">
            <summary>
            Player graph folders
            </summary>
            <remarks>
            Get a player client's registered list of folders where graphs are located.
            </remarks>
            <param name="playerId">An identifier for a Dynamo client (Dynamo Player, Generative Design, ??).</param>
            <returns>OK</returns>
        </member>
        <member name="M:DynamoPlayer.IDynamoController.PostFolderAsync(DynamoPlayer.GraphFolder,System.String)">
            <summary>
            Add new graph folder
            </summary>
            <remarks>
            Add a new graph folder to a player client's registered list of folders where graphs are located.
            </remarks>
            <param name="playerId">An identifier for a Dynamo client (Dynamo Player, Generative Design, ??).</param>
            <returns>OK</returns>
        </member>
        <member name="M:DynamoPlayer.IDynamoController.PutFolderIdAsync(DynamoPlayer.GraphFolder,System.String,System.String)">
            <summary>
            Update a graph folder
            </summary>
            <remarks>
            Update the data for a player client's graph folder.
            </remarks>
            <param name="playerId">An identifier for a Dynamo client (Dynamo Player, Generative Design, ??).</param>
            <param name="folderId">The ID of the folder in the list.</param>
            <returns>OK</returns>
        </member>
        <member name="M:DynamoPlayer.IDynamoController.DeleteFolderIdAsync(System.String,System.String)">
            <summary>
            Delete a graph folder
            </summary>
            <remarks>
            Delete a graph folder from a player client's registered list of folders where graphs are located.
            </remarks>
            <param name="playerId">An identifier for a Dynamo client (Dynamo Player, Generative Design, ??).</param>
            <param name="folderId">The ID of the folder in the list.</param>
            <returns>OK</returns>
        </member>
        <member name="M:DynamoPlayer.IDynamoController.GetFolderInfoAsync(DynamoPlayer.GraphFolderInfoRequest)">
            <summary>
            Get graph folder information
            </summary>
            <remarks>
            Get information about a folder of graph files.
            </remarks>
            <returns>OK</returns>
        </member>
        <member name="M:DynamoPlayer.IDynamoController.PostSubscribeAsync(DynamoPlayer.WebhookSubscription)">
            <summary>
            Subscribe to events
            </summary>
            <remarks>
            Subscribe to updates from the server or host app. Currently only one event type, when the document open in the host app changes.
            </remarks>
            <returns>Webhook created</returns>
        </member>
        <member name="M:DynamoPlayer.IDynamoController.PostTrackEventAsync(DynamoPlayer.AnalyticsEvent)">
            <summary>
            Track an analytics event
            </summary>
            <remarks>
            Track an event in ADP analytics.
            </remarks>
            <returns>OK</returns>
        </member>
        <member name="T:DynamoPlayer.SliderProperties">
            <summary>
            Node properties specific to slider nodes.
            </summary>
        </member>
        <member name="T:DynamoPlayer.DropdownProperties">
            <summary>
            Node properties specific to dropdown nodes.
            </summary>
        </member>
        <member name="T:DynamoPlayer.Watch3dProperties">
            <summary>
            Node properties specific to watch 3d nodes.
            </summary>
        </member>
        <member name="P:DynamoPlayer.Watch3dProperties.Camera">
            <summary>
            Camera position and orientation.
            </summary>
        </member>
        <member name="T:DynamoPlayer.HostSelectionProperties">
            <summary>
            Properties for a node that can select elements from a host application. TODO: no properties needed. Replace this with a uiCategory property on Node or something similar.
            </summary>
        </member>
        <member name="T:DynamoPlayer.DocumentNameEvent">
            <summary>
            The name of the currently open document in the host app has changed.
            </summary>
        </member>
        <member name="P:DynamoPlayer.DocumentNameEvent.DocumentName">
            <summary>
            The new document name.
            </summary>
        </member>
        <member name="T:DynamoPlayer.CurrentGraphTarget">
            <summary>
            The graph currently open in Dynamo.
            </summary>
        </member>
        <member name="T:DynamoPlayer.JsonGraphTarget">
            <summary>
            Specify a graph inline, either as a json string or as a nested object.
            </summary>
        </member>
        <member name="P:DynamoPlayer.JsonGraphTarget.Contents">
            <summary>
            Serialized graph.
            </summary>
        </member>
        <member name="P:DynamoPlayer.JsonGraphTarget.Graph">
            <summary>
            Graph object.
            </summary>
        </member>
        <member name="T:DynamoPlayer.PathGraphTarget">
            <summary>
            Local only: Target a graph by providing a path to a local file.
            </summary>
        </member>
        <member name="P:DynamoPlayer.PathGraphTarget.Path">
            <summary>
            Graph file path.
            </summary>
        </member>
        <member name="T:DynamoPlayer.GraphTarget">
            <summary>
            A pointer to a graph. See specific target types under "Models: Graph targets".
            </summary>
        </member>
        <member name="P:DynamoPlayer.GraphTarget.DependenciesPath">
            <summary>
            Path to graph dependencies.
            </summary>
        </member>
        <member name="P:DynamoPlayer.GraphTarget.ForceReopen">
            <summary>
            Local only: If this graph is already open in Dynamo, close and reopen it. (TODO: This is not always used (e.g. /graph/contract). Should it be a separate property on individual requests?)
            </summary>
        </member>
        <member name="T:DynamoPlayer.GraphFolderInfoOptions">
            <summary>
            Options for requesting information about a folder of graphs.
            </summary>
        </member>
        <member name="P:DynamoPlayer.GraphFolderInfoOptions.Metadata">
            <summary>
            Include graph metadata information (Author, version, thumbnail, etc.).
            </summary>
        </member>
        <member name="T:DynamoPlayer.GraphInfoOptions">
            <summary>
            Options for requesting information about a graph. Includes additional options not available on a folder of graphs.
            </summary>
        </member>
        <member name="P:DynamoPlayer.GraphInfoOptions.Issues">
            <summary>
            Include graph issues.
            </summary>
        </member>
        <member name="P:DynamoPlayer.GraphInfoOptions.Status">
            <summary>
            Include graph status.
            </summary>
        </member>
        <member name="P:DynamoPlayer.GraphInfoOptions.Dependencies">
            <summary>
            Include graph dependencies.
            </summary>
        </member>
        <member name="P:DynamoPlayer.GraphInfoOptions.Inputs">
            <summary>
            Include graph inputs.
            </summary>
        </member>
        <member name="P:DynamoPlayer.GraphInfoOptions.Outputs">
            <summary>
            Include graph outputs.
            </summary>
        </member>
        <member name="T:DynamoPlayer.GraphInfoRequest">
            <summary>
            Options for requesting information about a single graph.
            </summary>
        </member>
        <member name="P:DynamoPlayer.Graph.Id">
            <summary>
            Unique identifier for the given graph (path or guid?).
            </summary>
        </member>
        <member name="T:DynamoPlayer.RunEnvironmentType">
            <summary>
            Run environment for a graph.
            </summary>
        </member>
        <member name="T:DynamoPlayer.RunEnvironment">
            <summary>
            Describes a possible run environment for a graph. Different environments may support different graph features.
            </summary>
        </member>
        <member name="P:DynamoPlayer.RunEnvironment.Environment">
            <summary>
            The environment. Note: Generative Design is currently the only environment which restricts the types of graphs run in it. Todo: define a graph type and linter for Dynamo Service.
            </summary>
        </member>
        <member name="P:DynamoPlayer.RunEnvironment.IsValid">
            <summary>
            Is the graph valid for use in this run environment?
            </summary>
        </member>
        <member name="T:DynamoPlayer.GraphMetadata">
            <summary>
            Metadata about a graph.
            </summary>
        </member>
        <member name="P:DynamoPlayer.GraphMetadata.Description">
            <summary>
            Graph description.
            </summary>
        </member>
        <member name="P:DynamoPlayer.GraphMetadata.Location">
            <summary>
            Graph location, if known. If graph is a file, the file path. If graph is json, null.
            </summary>
        </member>
        <member name="P:DynamoPlayer.GraphMetadata.Hash">
            <summary>
            Hash of graph, currently only implemented for json graphs.
            </summary>
        </member>
        <member name="P:DynamoPlayer.GraphMetadata.DynamoVersion">
            <summary>
            Version of Dynamo used to make the graph.
            </summary>
        </member>
        <member name="P:DynamoPlayer.GraphMetadata.Thumbnail">
            <summary>
            Base-64 serialized PNG thumbnail image.
            </summary>
        </member>
        <member name="P:DynamoPlayer.GraphMetadata.Author">
            <summary>
            Author of the graph.
            </summary>
        </member>
        <member name="P:DynamoPlayer.GraphMetadata.Url">
            <summary>
            "Learn more" or documentation URL for the graph.
            </summary>
        </member>
        <member name="P:DynamoPlayer.GraphMetadata.RunEnvironment">
            <summary>
            The environment where this graph is intended to be run. A graph type of "None" corresponds to a null value here.
            </summary>
        </member>
        <member name="P:DynamoPlayer.GraphMetadata.CustomProperties">
            <summary>
            Key-value map of custom user-created properties.
            </summary>
        </member>
        <member name="T:DynamoPlayer.NodeIssueType">
            <summary>
            Type of an issue on a node.
            </summary>
        </member>
        <member name="T:DynamoPlayer.NodeIssue">
            <summary>
            An issue with a specific node in the graph.
            </summary>
        </member>
        <member name="P:DynamoPlayer.NodeIssue.NodeId">
            <summary>
            Id of the node which has this issue.
            </summary>
        </member>
        <member name="P:DynamoPlayer.NodeIssue.NodeName">
            <summary>
            Name (nickname) of the node which has this issue.
            </summary>
        </member>
        <member name="P:DynamoPlayer.NodeIssue.Type">
            <summary>
            Type of the node issue.
            </summary>
        </member>
        <member name="P:DynamoPlayer.NodeIssue.Message">
            <summary>
            Description of node issue.
            </summary>
        </member>
        <member name="P:DynamoPlayer.NodeIssue.Url">
            <summary>
            Documentation or assistance url for this issue.
            </summary>
        </member>
        <member name="T:DynamoPlayer.GraphStatus">
            <summary>
            Status of the graph.
            </summary>
        </member>
        <member name="T:DynamoPlayer.ForgeDataSchemaType">
            <summary>
            Forge Data Schema value types. Note: These enum values are not in SCREAMING_SNAKE_CASE in order to match the [Forge Data Schema Specification](https://wiki.autodesk.com/display/PDARCH/Forge+Data+Schema+Specification+-+V1#ForgeDataSchemaSpecificationV1-PrimitiveDataTypes).
            </summary>
        </member>
        <member name="T:DynamoPlayer.ValueSchemaContext">
            <summary>
            The multiplicity of a value. Note: These enum values are not in SCREAMING_SNAKE_CASE in order to match the [Forge Data Schema Specification](https://wiki.autodesk.com/display/PDARCH/Forge+Data+Schema+Specification+-+V1#ForgeDataSchemaSpecificationV1-DataContext).
            </summary>
        </member>
        <member name="T:DynamoPlayer.ValueSchemaFormat">
            <summary>
            Similar to JSON Schema's string format keyword (https://json-schema.org/understanding-json-schema/reference/string.html#format).
            </summary>
        </member>
        <member name="T:DynamoPlayer.ValueStringContainer">
            <summary>
            Represents a nested tree or list of preview (pretty-print) values.
            </summary>
        </member>
        <member name="P:DynamoPlayer.ValueStringContainer.Path">
            <summary>
            List of numeric and/or string keys to get to this container.
            </summary>
        </member>
        <member name="P:DynamoPlayer.ValueStringContainer.Count">
            <summary>
            Total number of items at all levels in this container.
            </summary>
        </member>
        <member name="P:DynamoPlayer.ValueStringContainer.Value">
            <summary>
            The value, if there is only one.
            </summary>
        </member>
        <member name="P:DynamoPlayer.ValueStringContainer.Items">
            <summary>
            The values, if there are more than one.
            </summary>
        </member>
        <member name="T:DynamoPlayer.NodeType">
            <summary>
            Known node types in Dynamo core.
            </summary>
        </member>
        <member name="T:DynamoPlayer.NodeTypeProperties">
            <summary>
            Node type-specific properties.
            </summary>
        </member>
        <member name="P:DynamoPlayer.Node.Name">
            <summary>
            Name (nickname) of the node in Dynamo.
            </summary>
        </member>
        <member name="P:DynamoPlayer.Node.Description">
            <summary>
            Details about this node. (Note that this is not the description associated with this node's type, this is specific to this instance of the node. We currently use a note pinned to this node to provide this text.)
            </summary>
        </member>
        <member name="P:DynamoPlayer.Node.ValueSchema">
            <summary>
            The schema for the node's value, if the node has a consistent value type. This may not be the case (e.g. untyped Watch node), if so this is null.
            </summary>
        </member>
        <member name="P:DynamoPlayer.Node.Value">
            <summary>
            Value of the node.
            </summary>
        </member>
        <member name="P:DynamoPlayer.Node.ValueString">
            <summary>
            Pretty-print string representation of `value`.
            </summary>
        </member>
        <member name="P:DynamoPlayer.Node.Type">
            <summary>
            The type of the node (name of the node definition's class). See `NodeType` for known types.
            </summary>
        </member>
        <member name="P:DynamoPlayer.Node.NodeTypeProperties">
            <summary>
            Node type-specific properties.
            </summary>
        </member>
        <member name="T:DynamoPlayer.GraphDependencyType">
            <summary>
            Graph dependency type.
            </summary>
        </member>
        <member name="T:DynamoPlayer.GraphDependencyState">
            <summary>
            Graph dependency state.
            </summary>
        </member>
        <member name="P:DynamoPlayer.GraphDependency.Type">
            <summary>
            The type of the dependency.
            </summary>
        </member>
        <member name="P:DynamoPlayer.GraphDependency.State">
            <summary>
            The state of the dependency.
            </summary>
        </member>
        <member name="P:DynamoPlayer.GraphDependency.Nodes">
            <summary>
            Ids of graph nodes which use this dependency.
            </summary>
        </member>
        <member name="T:DynamoPlayer.GraphInfo">
            <summary>
            Information about a graph.
            </summary>
        </member>
        <member name="P:DynamoPlayer.GraphInfo.Inputs">
            <summary>
            Input nodes in the graph. `value`, if non-null, is the input's default value.
            </summary>
        </member>
        <member name="P:DynamoPlayer.GraphInfo.Outputs">
            <summary>
            Output nodes in the graph.
            </summary>
        </member>
        <member name="P:DynamoPlayer.ErrorResponse.Title">
            <summary>
            Human-readable description of the error.
            </summary>
        </member>
        <member name="P:DynamoPlayer.ErrorResponse.Detail">
            <summary>
            Additional error details.
            </summary>
        </member>
        <member name="T:DynamoPlayer.NodeValue">
            <summary>
            A single node value. Currently used to set input values when running a graph.
            </summary>
        </member>
        <member name="P:DynamoPlayer.NodeValue.Value">
            <summary>
            The value of the node. Should this be of type object? Currently Dynamo wants a string.
            </summary>
        </member>
        <member name="T:DynamoPlayer.RunGraph">
            <summary>
            Request body for running a graph.
            </summary>
        </member>
        <member name="P:DynamoPlayer.RunGraph.Target">
            <summary>
            Graph to run.
            </summary>
        </member>
        <member name="P:DynamoPlayer.RunGraph.IgnoreInputs">
            <summary>
            Ignore missing inputs in the graph.
            </summary>
        </member>
        <member name="P:DynamoPlayer.RunGraph.GetImage">
            <summary>
            Return serialized preview image.
            </summary>
        </member>
        <member name="P:DynamoPlayer.RunGraph.GetGeometry">
            <summary>
            Return preview geometry for entire graph. Use output watch3d nodes instead, will be removed in a future version.
            </summary>
        </member>
        <member name="P:DynamoPlayer.RunGraph.GetContents">
            <summary>
            Return serialized result graph. TODO: this is only for storing data in GD remember nodes. Do that a different way then remove this.
            </summary>
        </member>
        <member name="P:DynamoPlayer.RunGraph.ResultData">
            <summary>
            Types of data to return about the result graph. If not present, only `issues`, `status`, and `outputs` will be returned.
            </summary>
        </member>
        <member name="P:DynamoPlayer.RunGraph.Inputs">
            <summary>
            Input node values that will override any existing graph values.
            </summary>
        </member>
        <member name="T:DynamoPlayer.GeometryData">
            <summary>
            A container for a node's tessellated geometry.
            </summary>
        </member>
        <member name="P:DynamoPlayer.GeometryData.Id">
            <summary>
            Id of the node which contains this geometry.
            </summary>
        </member>
        <member name="P:DynamoPlayer.GeometryData.GeometryEntries">
            <summary>
            Base64 serialized Glb representation of geometry.
            </summary>
        </member>
        <member name="T:DynamoPlayer.GraphResult">
            <summary>
            Data about a graph that has been run.
            </summary>
        </member>
        <member name="P:DynamoPlayer.GraphResult.Image">
            <summary>
            Base-64 serialized PNG preview image, if requested.
            </summary>
        </member>
        <member name="P:DynamoPlayer.GraphResult.Geometry">
            <summary>
            Glb representation of preview geometry, if requested. Use output watch3d nodes instead, will be removed in a future version.
            </summary>
        </member>
        <member name="P:DynamoPlayer.GraphResult.Contents">
            <summary>
            Serialized Json graph object. Will be removed in a future version.
            </summary>
        </member>
        <member name="T:DynamoPlayer.ServerInfo">
            <summary>
            Information about a Dynamo server.
            </summary>
        </member>
        <member name="P:DynamoPlayer.ServerInfo.ApiVersion">
            <summary>
            The version of the Dynamo API specification this server implements.
            </summary>
        </member>
        <member name="P:DynamoPlayer.ServerInfo.Host">
            <summary>
            The context in which the Dynamo server is running. Could be anything, but some known hosts are "revit", "sandbox", "cli", "service".
            </summary>
        </member>
        <member name="P:DynamoPlayer.ServerInfo.DynamoVersion">
            <summary>
            The version of Dynamo this server is backed by.
            </summary>
        </member>
        <member name="P:DynamoPlayer.ServerInfo.PlayerVersion">
            <summary>
            The version of the Dynamo Player extension that is providing this server.
            </summary>
        </member>
        <member name="T:DynamoPlayer.GraphFolder">
            <summary>
            A folder of graphs registered with a client.
            </summary>
        </member>
        <member name="P:DynamoPlayer.GraphFolder.DisplayName">
            <summary>
            The display name of the folder.
            </summary>
        </member>
        <member name="P:DynamoPlayer.GraphFolder.Id">
            <summary>
            The ID of the folder.
            </summary>
        </member>
        <member name="P:DynamoPlayer.GraphFolder.IsRemovable">
            <summary>
            Whether the folder is removable from settings. (Built-in folders are not removable.)
            </summary>
        </member>
        <member name="P:DynamoPlayer.GraphFolder.Order">
            <summary>
            The order of the folder when displayed in a list.
            </summary>
        </member>
        <member name="P:DynamoPlayer.GraphFolder.IsValid">
            <summary>
            Whether the folder path a valid path that exists on the file system.
            </summary>
        </member>
        <member name="P:DynamoPlayer.GraphFolder.IsDefault">
            <summary>
            Whether the folder is the default.
            </summary>
        </member>
        <member name="P:DynamoPlayer.GraphFolder.Path">
            <summary>
            The full path of the folder.
            </summary>
        </member>
        <member name="T:DynamoPlayer.GraphFolderInfoRequest">
            <summary>
            Options for requesting information about a folder of graphs.
            </summary>
        </member>
        <member name="P:DynamoPlayer.GraphFolderInfoRequest.Path">
            <summary>
            The full path of the folder.
            </summary>
        </member>
        <member name="T:DynamoPlayer.WebhookSubscription">
            <summary>
            Payload to subscribe to a webhook.
            </summary>
        </member>
        <member name="P:DynamoPlayer.WebhookSubscription.CallbackUrl">
            <summary>
            Url the server will send callback notifications to.
            </summary>
        </member>
        <member name="T:DynamoPlayer.CallbackEvent">
            <summary>
            Information about an event on the server.
            </summary>
        </member>
        <member name="T:DynamoPlayer.AnalyticsEvent">
            <summary>
            An event to be logged by the server.
            </summary>
        </member>
        <member name="P:DynamoPlayer.AnalyticsEvent.Name">
            <summary>
            The name of the event.
            </summary>
        </member>
        <member name="P:DynamoPlayer.AnalyticsEvent.Description">
            <summary>
            A description of the event.
            </summary>
        </member>
        <member name="P:DynamoPlayer.AnalyticsEvent.Value">
            <summary>
            A metric value associated with the event.
            </summary>
        </member>
        <member name="P:DynamoPlayer.AnalyticsEvent.Attributes">
            <summary>
            Map of additional attributes to be logged with the event.
            </summary>
        </member>
        <member name="T:DynamoPlayer.SliderNumberType">
            <summary>
            Type of number for a slider node.
            </summary>
        </member>
        <member name="T:DynamoPlayer.Vector">
            <summary>
            3D vector
            </summary>
        </member>
        <member name="P:DynamoPlayer.Camera.Position">
            <summary>
            Location of camera.
            </summary>
        </member>
        <member name="P:DynamoPlayer.Camera.Look">
            <summary>
            Direction camera is pointed.
            </summary>
        </member>
    </members>
</doc>
