<?xml version="1.0"?>
<doc>
    <assembly>
        <name>DynamoPlayer.Extension</name>
    </assembly>
    <members>
        <member name="T:DynamoPlayer.Extension.CommandLineOptions">
            <summary>
            Dynamo Player CLI options.
            </summary>
        </member>
        <member name="M:DynamoPlayer.Extension.CommandLineOptions.#ctor">
            <summary>
            Initializes a new instance of the <see cref="T:DynamoPlayer.Extension.CommandLineOptions"/> class.
            </summary>
        </member>
        <member name="P:DynamoPlayer.Extension.CommandLineOptions.LogLevel">
            <summary>
            Gets or sets level of logging to use.
            </summary>
        </member>
        <member name="P:DynamoPlayer.Extension.CommandLineOptions.PlayerPort">
            <summary>
            Gets or sets the port the HTTP server should listen on. If this port is already in use
            Dynamo Player will try to find another adjacent open port to use.
            </summary>
        </member>
        <member name="P:DynamoPlayer.Extension.CommandLineOptions.LogToDynamo">
            <summary>
            Gets or sets a value indicating whether to send Dynamo Player logs to Dynamo's logging system.
            </summary>
        </member>
        <member name="P:DynamoPlayer.Extension.CommandLineOptions.RemoteConnectionsAllowed">
            <summary>
            Gets or sets a value indicating whether remote connections are allowed. See <see cref="P:DynamoPlayer.PlayerServer.RemoteConnectionsAllowed"/>.
            </summary>
        </member>
        <member name="P:DynamoPlayer.Extension.DynamoPlayerExtension.Name">
            <summary>
            Gets the name of this view extension.
            </summary>
        </member>
        <member name="P:DynamoPlayer.Extension.DynamoPlayerExtension.UniqueId">
            <summary>
            Gets the unique identifier for this view extension.
            </summary>
        </member>
    </members>
</doc>
